	BS-592	BS-593	BS-594	BS-595	BS-596	BS-597	BS-598	BS-599	BS-600	BS-601	BS-602	BS-587	BS-588	BS-589	BS-590	BS-591
ASV_1	5728	17052	28409	2449	748	417	873	154	9235	10780	5532	0	0	0	207	0
ASV_2	4310	6182	8268	7309	4152	3388	9832	15064	5342	5726	2860	0	0	0	0	0
ASV_3	3005	12916	459	13498	2214	2417	960	1883	11547	5963	1506	711	0	288	4787	4747
ASV_4	6982	3221	4673	1692	193	461	1288	377	5090	4554	1919	0	0	24	364	608
ASV_5	1118	4320	375	2509	638	525	0	0	3623	2691	420	608	539	0	2090	1963
ASV_6	0	0	0	0	260	175	3731	9224	70	1793	0	0	0	0	0	70
ASV_7	18	56	293	2356	438	392	10	16	2286	600	106	0	0	0	1130	6039
ASV_8	8214	0	420	3217	151	247	0	324	0	541	529	0	0	0	0	0
ASV_9	2141	631	334	408	1757	2728	1352	311	523	794	856	0	0	369	0	0
ASV_10	1439	2022	201	161	3318	3846	673	3	127	156	0	0	0	0	194	0
ASV_11	2283	168	143	340	1431	1227	1084	378	117	512	569	367	570	1962	208	116
ASV_12	125	424	0	2323	0	359	0	136	1388	126	84	0	0	0	2850	2955
ASV_13	278	1216	0	2682	266	343	7	0	1447	1830	239	112	129	0	871	1208
ASV_14	0	0	0	33	592	176	1661	6801	121	436	45	0	0	0	0	0
ASV_15	0	255	0	1633	0	0	0	0	745	79	0	0	0	0	3982	2832
ASV_16	149	305	0	339	111	0	0	0	348	250	0	7272	22	0	162	123
ASV_17	2257	113	3	14	2260	2786	0	425	58	146	126	0	0	179	186	0
ASV_18	811	1833	703	1093	86	734	545	795	0	727	1075	0	0	0	0	0
ASV_19	337	311	226	1204	474	848	0	0	942	70	0	0	0	0	2183	1542
ASV_20	202	359	0	1078	0	0	0	0	1197	170	0	0	0	0	1053	2967
ASV_21	550	111	5	43	315	1745	689	117	139	387	129	142	1617	889	0	0
ASV_22	364	364	163	2665	413	0	109	47	467	1360	289	0	0	0	0	0
ASV_23	0	1336	209	957	326	189	0	5	1566	247	626	0	0	0	0	270
ASV_24	181	195	155	519	96	0	5	10	3283	168	0	0	0	0	697	409
ASV_25	809	289	0	275	778	424	148	87	0	327	416	0	893	744	200	192
ASV_26	1039	427	0	286	205	226	1216	164	248	352	99	1291	3	0	0	0
ASV_27	0	0	0	809	275	0	0	111	1255	46	0	0	0	0	220	2276
ASV_28	334	81	68	18	65	74	2673	497	0	180	0	0	705	291	0	0
ASV_29	171	378	0	591	0	0	22	0	852	138	351	0	0	0	394	2021
ASV_30	1183	125	263	1730	409	0	8	0	83	613	199	0	173	0	72	40
ASV_31	699	350	4	3	622	1193	118	0	70	72	281	0	965	0	0	79
ASV_32	0	481	77	145	281	598	2	81	129	595	1168	221	95	378	0	0
ASV_33	1018	95	0	190	593	1255	0	91	54	124	206	0	0	0	0	357
ASV_34	0	0	0	0	1627	1149	528	0	376	33	144	0	0	68	12	0
ASV_35	1053	380	0	39	268	0	920	0	48	492	3	0	389	0	220	0
ASV_36	7	395	189	669	2	0	0	0	371	210	349	0	0	478	0	1012
ASV_37	497	84	0	32	60	92	0	0	78	0	0	0	2028	720	0	57
ASV_38	0	985	0	125	0	0	271	124	1056	428	0	0	0	2	435	185
ASV_39	347	1515	0	412	188	0	20	0	644	483	0	0	0	0	0	0
ASV_40	0	0	0	0	109	0	998	1738	0	754	0	0	0	0	0	0
ASV_41	0	463	251	471	152	0	419	392	556	257	0	0	0	0	269	346
ASV_42	356	762	0	0	674	204	0	724	36	2	238	0	0	382	72	0
ASV_43	0	187	0	20	826	1026	235	0	66	390	0	0	0	643	0	22
ASV_44	107	1190	256	42	717	584	0	193	113	88	0	58	0	0	0	0
ASV_45	377	261	0	0	448	390	357	364	168	602	297	0	0	0	0	77
ASV_46	92	53	0	1829	53	9	0	0	287	952	0	0	0	0	0	0
ASV_47	0	0	0	0	1469	1530	0	147	0	0	0	0	0	0	0	0
ASV_48	317	213	431	36	499	384	0	51	57	183	164	82	128	379	101	42
ASV_49	120	758	6	49	205	521	410	283	153	191	0	0	0	250	0	0
ASV_50	0	341	3	3	640	803	172	118	89	154	111	72	0	239	135	0
ASV_51	0	434	0	25	577	760	385	0	72	265	331	0	0	0	0	0
ASV_52	0	530	0	29	50	399	802	173	308	91	285	0	0	0	0	60
ASV_53	851	38	0	16	0	0	0	0	0	0	0	0	1768	4	0	0
ASV_54	0	366	0	380	35	111	0	712	531	220	0	0	0	0	69	178
ASV_55	600	633	0	0	305	466	307	0	112	158	0	0	0	0	0	0
ASV_56	0	69	374	917	125	0	203	0	0	55	0	0	0	0	435	391
ASV_57	0	0	0	0	0	0	0	0	0	0	2459	0	0	0	0	0
ASV_58	322	715	0	57	275	304	0	205	68	324	0	0	174	0	0	0
ASV_59	150	813	0	220	84	0	0	0	197	31	0	0	218	0	0	613
ASV_60	0	121	0	0	632	447	0	308	0	148	342	0	0	282	0	0
ASV_61	665	546	0	20	776	0	0	0	37	86	0	0	138	0	0	0
ASV_62	360	168	0	110	482	447	125	159	103	165	0	0	0	0	111	0
ASV_63	54	0	0	529	99	0	0	179	184	197	333	318	0	0	128	147
ASV_64	0	582	0	260	0	0	0	0	450	78	546	0	0	0	68	68
ASV_65	0	363	0	301	115	0	0	0	664	65	270	0	0	0	0	262
ASV_66	95	400	0	0	110	243	406	385	106	127	32	0	0	132	0	0
ASV_67	109	185	0	484	0	0	0	0	741	0	0	0	0	0	507	0
ASV_68	0	0	0	1200	527	0	178	112	0	0	0	0	0	0	0	0
ASV_69	0	0	0	0	0	0	0	2001	0	0	0	0	0	0	0	0
ASV_70	0	227	0	53	548	327	0	118	80	166	0	71	0	311	0	90
ASV_71	180	0	0	100	0	0	0	0	933	0	0	239	0	0	190	317
ASV_72	0	0	0	253	0	58	0	157	227	0	0	0	0	306	656	294
ASV_73	335	0	0	38	176	0	0	0	14	0	0	0	1009	374	0	0
ASV_74	0	0	0	38	0	261	650	735	0	251	0	0	0	0	0	0
ASV_75	739	0	0	805	210	0	0	0	28	0	0	0	0	0	0	112
ASV_76	0	87	95	330	108	0	0	0	411	514	337	0	0	0	0	0
ASV_77	334	216	0	17	0	150	0	188	59	551	205	0	155	0	0	0
ASV_78	259	0	0	676	98	0	0	0	125	472	190	0	0	0	41	0
ASV_79	250	109	254	229	0	0	0	277	88	0	0	0	263	0	255	86
ASV_80	381	310	0	13	194	510	0	0	14	64	0	0	232	0	0	0
ASV_81	0	0	0	0	578	335	0	222	4	59	0	0	172	347	0	0
ASV_82	0	46	0	417	0	0	0	0	321	79	112	0	0	0	384	337
ASV_83	80	0	0	0	0	0	0	1473	0	3	0	0	121	0	0	0
ASV_84	0	0	0	0	0	0	0	1655	0	0	0	0	0	0	0	0
ASV_85	74	113	0	29	0	0	892	322	37	186	0	0	0	0	0	0
ASV_86	882	0	0	175	220	0	0	0	141	0	0	171	50	0	0	0
ASV_87	0	375	0	763	0	0	0	0	285	99	0	0	95	0	0	0
ASV_88	96	0	0	38	252	441	332	116	38	138	0	0	0	0	165	0
ASV_89	0	649	0	0	67	272	141	251	136	28	0	0	0	0	0	51
ASV_90	390	186	51	72	93	0	0	0	198	0	493	0	0	0	0	112
ASV_91	657	0	0	0	0	114	0	0	0	6	0	0	728	0	61	26
ASV_92	0	111	0	33	233	89	198	377	38	236	0	0	219	0	0	0
ASV_93	543	468	0	0	98	411	0	0	0	0	0	0	0	0	0	0
ASV_94	481	207	0	22	148	300	58	68	7	0	0	0	193	0	0	0
ASV_95	409	28	0	0	0	0	230	136	0	0	0	0	677	0	0	0
ASV_96	203	0	0	0	216	237	363	112	0	0	0	0	0	0	347	0
ASV_97	0	47	0	762	0	0	158	0	153	110	194	0	0	0	0	33
ASV_98	196	0	150	31	94	0	0	0	317	0	306	0	341	0	0	0
ASV_99	206	0	0	221	106	0	3	157	217	151	0	0	0	0	190	181
ASV_100	149	41	0	506	0	0	88	0	230	181	119	49	0	0	0	65
ASV_101	138	0	198	0	172	0	0	155	30	116	220	154	0	0	179	37
ASV_102	106	55	0	45	59	0	545	0	0	0	282	263	0	0	0	39
ASV_103	0	460	0	18	0	47	0	726	29	0	112	0	0	0	0	0
ASV_104	408	216	0	0	156	0	0	0	20	0	0	0	553	0	0	26
ASV_105	0	0	0	96	116	3	0	0	71	112	0	0	0	0	311	661
ASV_106	206	18	0	0	121	519	0	0	30	0	251	0	0	223	0	0
ASV_107	103	639	0	176	0	0	0	0	0	119	240	12	0	0	0	22
ASV_108	0	0	0	251	77	305	0	151	196	135	0	0	0	0	0	156
ASV_109	0	606	0	30	106	0	284	99	96	0	0	0	0	0	0	0
ASV_110	0	152	0	256	0	0	0	0	119	171	0	0	0	0	269	230
ASV_111	0	19	0	519	0	0	0	0	441	124	88	0	0	0	0	0
ASV_112	107	39	96	0	79	348	0	196	0	24	297	0	0	0	0	0
ASV_113	0	30	0	57	0	0	295	0	37	147	0	68	0	433	0	110
ASV_114	358	0	0	0	354	0	345	0	0	20	0	0	98	0	0	0
ASV_115	0	108	0	222	0	0	0	0	118	273	0	0	0	0	0	433
ASV_116	297	159	0	0	86	439	0	0	0	0	171	0	0	0	0	0
ASV_117	265	190	0	371	0	0	0	0	162	0	0	0	0	0	0	163
ASV_118	0	0	0	0	301	141	71	182	177	0	160	0	0	88	0	0
ASV_119	0	0	0	16	180	492	0	205	25	108	0	76	0	0	0	0
ASV_120	106	241	0	555	0	0	0	0	85	112	0	0	0	0	0	0
ASV_121	164	105	0	17	54	278	299	0	60	96	0	0	0	0	0	0
ASV_122	192	0	0	0	0	0	0	0	22	0	0	0	0	616	234	0
ASV_123	0	210	0	103	0	395	0	0	101	164	0	0	0	0	0	79
ASV_124	0	54	0	59	295	286	0	0	81	253	0	0	0	0	0	20
ASV_125	0	0	287	94	0	0	0	0	0	0	666	0	0	0	0	0
ASV_126	0	0	0	0	169	718	0	0	0	0	134	0	0	0	0	0
ASV_127	0	0	273	74	0	0	0	0	112	260	214	0	0	0	0	84
ASV_128	0	311	0	0	122	353	0	0	80	0	150	0	0	0	0	0
ASV_129	203	405	0	18	0	91	0	229	25	31	0	0	0	0	0	0
ASV_130	471	0	0	283	0	0	0	0	0	152	85	0	0	0	0	0
ASV_131	0	405	0	34	93	0	0	4	155	267	0	0	0	0	0	0
ASV_132	192	90	0	0	219	0	0	0	170	0	0	0	287	0	0	0
ASV_133	166	0	0	8	0	641	0	0	0	0	0	0	134	0	0	0
ASV_134	0	0	0	38	279	0	236	120	97	168	0	0	0	0	0	0
ASV_135	0	0	107	0	0	0	0	0	0	0	257	62	151	228	0	120
ASV_136	0	300	0	0	0	0	0	0	51	0	0	0	0	365	205	0
ASV_137	0	82	0	0	0	380	411	0	26	17	0	0	0	0	0	0
ASV_138	452	0	0	274	0	0	0	0	0	182	0	0	0	0	0	0
ASV_139	0	105	0	74	204	0	0	0	134	391	0	0	0	0	0	0
ASV_140	0	0	0	0	356	194	0	0	0	0	0	0	0	348	0	0
ASV_141	310	283	0	14	246	0	0	0	43	0	0	0	0	0	0	0
ASV_142	0	0	0	0	0	0	0	895	0	0	0	0	0	0	0	0
ASV_143	0	146	0	31	252	408	0	0	0	0	0	0	0	0	0	56
ASV_144	310	0	0	212	93	0	0	0	124	102	0	51	0	0	0	0
ASV_145	0	275	0	0	241	352	0	0	10	0	0	0	0	0	0	0
ASV_146	271	297	0	0	24	276	0	0	9	0	0	0	0	0	0	0
ASV_147	137	101	0	127	54	0	0	0	60	379	0	0	0	0	0	0
ASV_148	0	45	0	34	72	539	0	2	151	0	0	0	0	0	0	0
ASV_149	277	187	0	10	0	287	0	0	24	56	0	0	0	0	0	0
ASV_150	0	0	0	0	0	0	606	229	0	0	0	0	0	0	0	0
ASV_151	0	0	0	0	99	0	0	0	48	0	685	0	0	0	0	0
ASV_152	0	115	0	470	87	0	0	0	30	110	0	0	0	0	0	0
ASV_153	0	90	0	16	183	0	0	160	18	0	337	0	0	0	0	0
ASV_154	78	103	0	0	0	285	0	88	0	0	0	0	229	0	0	9
ASV_155	0	0	0	0	0	2	785	0	0	0	0	0	0	0	0	0
ASV_156	0	46	0	421	0	0	0	0	0	319	0	0	0	0	0	0
ASV_157	0	360	0	0	0	301	0	0	61	0	0	0	0	0	0	50
ASV_158	0	348	0	44	253	2	0	0	105	0	0	0	0	0	0	0
ASV_159	0	0	0	33	0	0	0	0	395	0	278	0	0	0	41	0
ASV_160	0	39	0	78	127	0	0	0	6	13	289	0	0	0	0	180
ASV_161	0	0	0	127	0	0	0	0	82	0	0	0	0	0	214	305
ASV_162	0	0	0	0	390	336	0	0	0	0	0	0	0	0	0	0
ASV_163	0	0	0	0	0	185	0	5	301	38	0	91	0	0	104	0
ASV_164	0	0	0	0	0	0	0	0	0	0	0	0	0	0	189	534
ASV_165	0	42	0	0	0	297	0	7	112	0	0	0	8	245	0	0
ASV_166	0	0	0	26	0	0	311	0	87	110	0	0	0	0	0	171
ASV_167	0	122	0	20	92	259	0	188	23	0	0	0	0	0	0	0
ASV_168	0	116	0	307	0	0	280	0	0	0	0	0	0	0	0	0
ASV_169	94	46	0	0	0	180	359	0	19	0	0	0	0	0	0	0
ASV_170	0	0	0	0	160	70	0	0	0	0	468	0	0	0	0	0
ASV_171	0	0	0	0	302	0	303	52	6	34	0	0	0	0	0	0
ASV_172	0	43	0	0	88	0	0	0	36	100	132	0	0	0	297	0
ASV_173	229	0	0	0	0	124	0	0	23	0	0	0	0	318	0	0
ASV_174	212	0	0	0	0	0	0	0	9	0	0	0	472	0	0	0
ASV_175	105	0	0	194	96	0	0	205	0	0	0	0	0	0	0	92
ASV_176	0	0	0	0	0	0	0	540	0	0	0	0	150	0	0	0
ASV_177	156	0	0	147	106	0	0	42	0	124	111	0	0	0	0	0
ASV_178	0	214	97	0	0	0	40	0	27	59	0	0	242	0	0	0
ASV_179	138	0	0	528	0	0	0	0	0	0	0	0	0	0	0	0
ASV_180	0	0	0	0	0	363	0	190	0	0	0	104	0	0	0	0
ASV_181	0	47	0	48	99	0	0	390	0	71	0	0	0	0	0	0
ASV_182	0	0	0	0	110	0	342	121	0	82	0	0	0	0	0	0
ASV_183	0	0	0	633	0	0	0	0	0	20	0	0	0	0	0	0
ASV_184	144	50	0	0	0	0	0	92	0	0	0	0	0	356	0	0
ASV_185	177	0	0	69	0	0	0	0	61	91	0	239	0	0	0	0
ASV_186	194	37	0	0	102	0	286	0	0	0	0	0	0	0	0	0
ASV_187	66	93	0	3	27	0	0	0	26	0	131	0	268	0	0	0
ASV_188	0	44	0	0	452	0	0	97	9	0	0	0	0	0	0	0
ASV_189	194	246	0	8	9	0	0	0	17	0	0	0	68	0	0	57
ASV_190	435	0	0	18	0	0	0	0	49	0	93	0	0	0	0	0
ASV_191	95	0	0	0	11	0	0	0	7	0	43	0	432	0	0	0
ASV_192	0	63	0	28	0	0	131	107	47	0	0	0	0	211	0	0
ASV_193	224	143	0	0	0	0	0	72	23	0	0	0	0	102	0	0
ASV_194	0	44	0	21	0	0	0	0	464	32	0	0	0	0	0	0
ASV_195	203	0	0	13	0	207	0	0	0	0	137	0	0	0	0	0
ASV_196	0	0	0	0	0	0	0	0	9	0	0	0	0	551	0	0
ASV_197	0	61	0	0	0	0	167	270	44	0	0	0	0	0	0	0
ASV_198	0	180	0	23	48	0	0	0	23	0	0	0	0	263	4	0
ASV_199	112	0	0	0	254	0	0	0	0	174	0	0	0	0	0	0
ASV_200	0	88	0	0	186	198	0	44	21	0	0	0	0	0	0	0
ASV_201	0	0	0	0	63	0	0	312	61	58	0	0	0	0	0	42
ASV_202	0	0	0	0	532	0	0	0	0	0	0	0	0	0	0	0
ASV_203	0	55	0	18	0	0	384	0	73	0	0	0	0	0	0	0
ASV_204	0	0	0	0	0	0	0	0	0	0	0	0	0	237	291	0
ASV_205	156	89	0	0	65	0	0	0	38	74	105	0	0	0	0	0
ASV_206	0	108	0	0	187	232	0	0	0	0	0	0	0	0	0	0
ASV_207	0	40	185	0	0	0	0	0	29	0	268	0	0	0	0	0
ASV_208	0	122	0	46	101	168	0	0	42	0	0	0	0	0	0	43
ASV_209	0	67	0	0	53	0	197	0	0	39	0	0	166	0	0	0
ASV_210	0	225	0	0	73	0	193	0	29	0	0	0	0	0	0	0
ASV_211	0	298	8	18	138	0	0	0	13	0	0	0	0	0	0	41
ASV_212	0	0	0	0	381	0	0	0	66	0	0	0	0	62	0	0
ASV_213	0	0	122	0	0	384	0	0	0	0	0	0	0	0	0	0
ASV_214	0	37	0	0	0	0	0	0	39	184	0	0	0	0	143	101
ASV_215	0	0	0	203	0	0	0	0	72	35	0	161	0	0	0	30
ASV_216	3	54	0	0	0	0	251	71	48	0	0	0	0	71	0	0
ASV_217	233	0	0	0	103	159	0	0	0	0	0	0	0	0	0	0
ASV_218	0	239	0	0	238	0	0	0	11	0	0	0	0	0	0	0
ASV_219	0	0	0	0	171	314	0	0	0	0	0	0	0	0	0	0
ASV_220	0	0	0	110	0	267	0	0	4	0	98	0	0	0	0	0
ASV_221	0	0	0	0	60	0	0	191	0	0	0	0	223	0	0	0
ASV_222	0	0	0	0	0	0	292	0	28	80	0	0	0	0	0	69
ASV_223	0	0	0	0	75	0	388	0	0	0	0	0	0	0	0	0
ASV_224	0	0	0	0	72	0	213	0	0	0	0	0	178	0	0	0
ASV_225	0	0	0	0	155	192	96	0	16	0	0	0	0	0	0	0
ASV_226	369	0	0	85	0	0	0	0	0	0	0	0	0	0	0	0
ASV_227	307	0	0	42	65	0	0	0	0	38	0	0	0	0	0	0
ASV_228	0	0	0	0	0	0	0	0	0	37	0	0	0	414	0	0
ASV_229	0	0	0	0	0	0	0	0	449	0	0	0	0	0	0	0
ASV_230	0	0	0	0	0	445	0	0	0	0	0	0	0	0	0	0
ASV_231	109	0	0	0	18	316	0	0	0	0	0	0	0	0	0	0
ASV_232	0	0	0	19	0	0	133	0	229	0	0	0	0	0	0	59
ASV_233	193	0	0	0	0	0	0	0	0	0	0	0	245	0	0	0
ASV_234	115	0	0	321	0	0	0	0	0	0	0	0	0	0	0	0
ASV_235	0	0	0	0	258	0	0	0	29	0	0	0	0	147	0	0
ASV_236	57	36	0	39	0	0	0	92	0	0	209	0	0	0	0	0
ASV_237	158	0	0	0	0	0	0	0	7	0	0	0	0	266	0	0
ASV_238	0	0	0	0	0	323	0	107	0	0	0	0	0	0	0	0
ASV_239	0	0	0	0	119	184	0	0	124	0	0	0	0	0	0	0
ASV_240	56	31	0	0	85	0	0	194	0	56	0	0	0	0	0	0
ASV_241	0	0	0	278	0	0	0	0	13	115	0	0	0	0	0	0
ASV_242	0	14	0	11	48	246	46	0	38	0	0	0	0	0	0	0
ASV_243	192	100	0	0	109	0	0	0	0	0	0	0	0	0	0	0
ASV_244	0	0	0	0	135	0	0	0	9	0	0	0	0	250	0	0
ASV_245	0	0	0	0	0	0	0	275	0	118	0	0	0	0	0	0
ASV_246	0	0	0	41	0	0	0	0	87	55	209	0	0	0	0	0
ASV_247	91	0	0	0	0	0	0	0	0	0	0	0	300	0	0	0
ASV_248	0	0	0	69	0	0	0	0	39	44	0	0	0	0	233	0
ASV_249	79	0	0	0	0	303	0	0	0	0	0	0	0	0	0	0
ASV_250	0	0	0	121	0	0	0	0	22	21	0	0	0	0	217	0
ASV_251	0	73	0	0	0	0	127	0	6	35	136	0	0	0	0	0
ASV_252	0	0	0	0	0	376	0	0	0	0	0	0	0	0	0	0
ASV_253	198	19	0	50	106	0	0	0	0	0	0	0	0	0	0	0
ASV_254	0	0	0	0	0	0	0	0	0	0	285	88	0	0	0	0
ASV_255	0	30	0	115	93	0	0	95	31	0	0	0	0	0	0	0
ASV_256	0	35	0	10	51	0	0	3	237	22	0	0	0	0	0	0
ASV_257	0	38	0	0	0	314	0	0	6	0	0	0	0	0	0	0
ASV_258	206	0	0	0	0	0	0	107	0	43	0	0	0	0	0	0
ASV_259	0	79	0	0	84	159	0	0	0	34	0	0	0	0	0	0
ASV_260	0	0	0	0	0	355	0	0	0	0	0	0	0	0	0	0
ASV_261	0	0	349	0	0	0	0	0	0	0	0	0	0	0	0	0
ASV_262	0	0	0	0	0	0	0	0	0	0	349	0	0	0	0	0
ASV_263	0	83	0	28	89	0	0	0	0	0	0	0	149	0	0	0
ASV_264	0	0	0	0	0	0	0	0	0	0	0	0	348	0	0	0
ASV_265	295	0	0	0	0	0	0	0	0	49	0	0	0	0	0	0
ASV_266	0	0	0	8	258	77	0	0	0	0	0	0	0	0	0	0
ASV_267	0	0	0	0	342	0	0	0	0	0	0	0	0	0	0	0
ASV_268	0	0	0	0	0	175	0	0	0	0	0	164	0	0	0	0
ASV_269	0	0	0	0	0	0	338	0	0	0	0	0	0	0	0	0
ASV_270	0	0	0	4	0	0	0	168	0	23	142	0	0	0	0	0
ASV_271	0	60	0	51	0	181	0	0	0	43	0	0	0	0	0	0
ASV_272	0	162	0	17	0	0	0	50	0	105	0	0	0	0	0	0
ASV_273	0	0	0	46	0	0	0	0	0	60	0	0	0	0	222	0
ASV_274	0	0	0	0	0	0	327	0	0	0	0	0	0	0	0	0
ASV_275	0	0	0	19	0	0	156	77	15	58	0	0	0	0	0	0
ASV_276	0	0	0	0	0	0	321	0	0	0	0	0	0	0	0	0
ASV_277	0	213	0	0	95	0	0	0	12	0	0	0	0	0	0	0
ASV_278	0	0	0	83	0	0	61	174	0	0	0	0	0	0	0	0
ASV_279	0	0	0	0	0	0	0	0	0	0	0	0	317	0	0	0
ASV_280	0	49	0	5	0	213	0	0	11	38	0	0	0	0	0	0
ASV_281	0	0	0	0	0	312	0	0	0	0	0	0	0	0	0	0
ASV_282	0	0	0	0	0	0	0	0	0	0	0	0	0	0	152	158
ASV_283	166	0	0	11	0	0	0	0	0	0	0	0	132	0	0	0
ASV_284	0	0	0	0	0	0	0	0	18	0	0	0	291	0	0	0
ASV_285	0	131	0	0	167	0	0	0	7	0	0	0	0	0	0	0
ASV_286	0	0	303	0	0	0	0	0	0	0	0	0	0	0	0	0
ASV_287	0	0	0	0	117	185	0	0	0	0	0	0	0	0	0	0
ASV_288	0	0	0	0	0	0	0	0	0	0	0	0	0	0	55	247
ASV_289	0	0	0	0	0	0	0	0	9	0	0	0	288	0	0	0
ASV_290	0	0	0	0	0	0	0	0	0	0	0	294	0	0	0	0
ASV_291	110	95	0	0	61	0	0	0	0	0	0	0	0	0	0	26
ASV_292	0	186	0	0	50	0	0	0	33	22	0	0	0	0	0	0
ASV_293	0	0	0	0	0	0	0	0	0	0	0	291	0	0	0	0
ASV_294	0	0	0	0	0	289	0	0	0	0	0	0	0	0	0	0
ASV_295	0	0	0	0	0	261	0	0	27	0	0	0	0	0	0	0
ASV_296	0	0	0	0	251	0	0	0	36	0	0	0	0	0	0	0
ASV_297	0	0	0	0	0	0	0	0	43	0	0	0	0	0	244	0
ASV_298	0	0	0	0	0	179	0	0	53	54	0	0	0	0	0	0
ASV_299	0	0	0	0	0	284	0	0	0	0	0	0	0	0	0	0
ASV_300	0	0	0	0	0	283	0	0	0	0	0	0	0	0	0	0
ASV_301	0	0	0	0	79	0	0	0	0	0	0	0	0	0	202	0
ASV_302	0	0	0	0	0	0	0	0	46	0	3	0	0	0	232	0
ASV_303	0	0	0	0	0	278	0	0	0	0	0	0	0	0	0	0
ASV_304	0	0	0	0	0	278	0	0	0	0	0	0	0	0	0	0
ASV_305	0	0	0	0	0	0	0	0	0	0	0	278	0	0	0	0
ASV_306	0	0	0	0	49	0	228	0	0	0	0	0	0	0	0	0
ASV_307	0	96	0	61	0	0	0	0	65	54	0	0	0	0	0	0
ASV_308	0	0	0	0	0	276	0	0	0	0	0	0	0	0	0	0
ASV_309	0	0	0	0	0	272	0	0	0	0	0	0	0	0	0	0
ASV_310	0	0	0	0	0	0	0	0	0	0	0	272	0	0	0	0
ASV_311	149	51	0	0	70	0	0	0	0	0	0	0	0	0	0	0
ASV_312	0	26	0	0	121	123	0	0	0	0	0	0	0	0	0	0
ASV_313	0	0	0	11	0	0	0	0	60	0	199	0	0	0	0	0
ASV_314	0	0	0	0	0	0	0	0	0	0	0	0	0	0	265	0
ASV_315	0	0	0	0	0	0	0	0	15	0	198	0	0	0	0	51
ASV_316	0	77	0	158	0	0	0	0	27	0	0	0	0	0	0	0
ASV_317	0	0	0	9	78	0	0	0	33	0	0	142	0	0	0	0
ASV_318	0	0	0	0	0	0	0	0	0	18	0	244	0	0	0	0
ASV_319	0	110	0	0	46	0	0	0	39	66	0	0	0	0	0	0
ASV_320	0	0	0	92	23	0	112	0	34	0	0	0	0	0	0	0
ASV_321	0	0	0	0	103	0	0	143	13	0	0	0	0	0	0	0
ASV_322	0	0	0	0	257	0	0	0	0	0	0	0	0	0	0	0
ASV_323	0	0	0	0	0	0	0	0	8	0	0	0	0	0	245	0
ASV_324	248	0	0	0	0	0	0	0	0	0	0	0	0	0	0	0
ASV_325	0	0	0	8	0	239	0	0	0	0	0	0	0	0	0	0
ASV_326	0	0	0	0	58	187	0	0	0	0	0	0	0	0	0	0
ASV_327	0	0	0	0	0	214	0	0	30	0	0	0	0	0	0	0
ASV_328	0	0	0	183	0	0	0	0	0	0	0	0	0	0	0	61
ASV_329	0	0	0	0	0	0	0	0	0	0	0	0	0	0	153	91
ASV_330	0	0	0	0	0	243	0	0	0	0	0	0	0	0	0	0
ASV_331	0	0	0	0	0	0	243	0	0	0	0	0	0	0	0	0
ASV_332	0	0	0	0	0	191	0	0	0	0	0	52	0	0	0	0
ASV_333	0	0	0	0	0	242	0	0	0	0	0	0	0	0	0	0
ASV_334	0	0	0	0	0	0	0	0	0	0	241	0	0	0	0	0
ASV_335	0	0	0	0	0	0	0	239	0	0	0	0	0	0	0	0
ASV_336	0	0	0	0	236	0	0	0	0	0	0	0	0	0	0	0
ASV_337	0	0	0	0	0	0	130	0	0	0	105	0	0	0	0	0
ASV_338	0	0	0	0	0	0	222	0	13	0	0	0	0	0	0	0
ASV_339	0	11	0	0	62	0	0	150	0	11	0	0	0	0	0	0
ASV_340	0	0	0	0	0	234	0	0	0	0	0	0	0	0	0	0
ASV_341	0	0	0	55	49	0	0	0	59	0	0	0	0	0	0	70
ASV_342	0	36	0	2	168	0	0	0	26	0	0	0	0	0	0	0
ASV_343	0	0	0	0	0	0	232	0	0	0	0	0	0	0	0	0
ASV_344	0	0	0	0	208	0	0	0	23	0	0	0	0	0	0	0
ASV_345	0	0	0	0	0	230	0	0	0	0	0	0	0	0	0	0
ASV_346	0	36	0	0	0	191	0	0	0	0	0	0	0	0	0	0
ASV_347	0	30	0	196	0	0	0	0	0	0	0	0	0	0	0	0
ASV_348	0	0	0	22	0	202	0	0	0	0	0	0	0	0	0	0
ASV_349	0	0	0	0	0	0	156	0	68	0	0	0	0	0	0	0
ASV_350	0	0	0	0	0	0	0	0	0	0	0	0	224	0	0	0
ASV_351	0	0	0	0	0	0	0	0	0	0	0	0	0	0	224	0
ASV_352	0	0	0	0	0	223	0	0	0	0	0	0	0	0	0	0
ASV_353	0	0	0	0	0	0	0	223	0	0	0	0	0	0	0	0
ASV_354	0	0	0	221	0	0	0	0	0	0	0	0	0	0	0	0
ASV_355	0	0	0	0	221	0	0	0	0	0	0	0	0	0	0	0
ASV_356	0	0	0	32	0	0	0	2	58	127	0	0	0	0	0	0
ASV_357	0	0	0	0	0	0	0	0	0	0	218	0	0	0	0	0
ASV_358	0	0	0	0	0	101	0	0	0	0	115	0	0	0	0	0
ASV_359	0	0	0	0	0	0	0	0	0	0	0	0	0	216	0	0
ASV_360	0	0	0	0	29	0	0	0	0	84	102	0	0	0	0	0
ASV_361	0	0	0	80	0	0	0	0	128	6	0	0	0	0	0	0
ASV_362	0	0	0	0	0	0	0	0	0	0	212	0	0	0	0	0
ASV_363	0	0	0	0	0	211	0	0	0	0	0	0	0	0	0	0
ASV_364	0	0	0	0	0	0	0	211	0	0	0	0	0	0	0	0
ASV_365	150	0	0	0	0	0	0	0	60	0	0	0	0	0	0	0
ASV_366	0	0	0	0	173	0	0	0	37	0	0	0	0	0	0	0
ASV_367	0	0	0	0	0	210	0	0	0	0	0	0	0	0	0	0
ASV_368	0	0	0	0	0	209	0	0	0	0	0	0	0	0	0	0
ASV_369	0	0	0	0	0	0	0	2	205	0	0	0	0	0	0	0
ASV_370	0	0	0	0	0	0	0	0	0	0	207	0	0	0	0	0
ASV_371	0	0	0	0	0	0	0	0	0	0	0	0	0	0	207	0
ASV_372	0	0	0	0	0	0	0	0	16	190	0	0	0	0	0	0
ASV_373	0	0	0	20	0	160	0	0	25	0	0	0	0	0	0	0
ASV_374	0	0	0	65	0	0	0	0	78	62	0	0	0	0	0	0
ASV_375	0	0	0	0	0	165	0	0	40	0	0	0	0	0	0	0
ASV_376	203	0	0	0	0	0	0	0	0	0	0	0	0	0	0	0
ASV_377	0	0	0	0	0	0	202	0	0	0	0	0	0	0	0	0
ASV_378	180	0	0	0	0	0	0	0	20	0	0	0	0	0	0	0
ASV_379	0	0	0	0	0	199	0	0	0	0	0	0	0	0	0	0
ASV_380	151	0	0	10	0	0	0	0	17	0	0	0	0	0	0	20
ASV_381	0	0	0	128	0	0	0	0	0	68	0	0	0	0	0	0
ASV_382	0	0	0	25	0	158	0	0	12	0	0	0	0	0	0	0
ASV_383	0	33	0	0	0	0	0	0	8	9	0	0	145	0	0	0
ASV_384	0	0	0	0	0	0	0	0	0	0	194	0	0	0	0	0
ASV_385	0	0	0	0	0	0	0	0	0	0	0	0	77	0	0	117
ASV_386	191	0	0	0	0	0	0	0	0	0	0	0	0	0	0	0
ASV_387	190	0	0	0	0	0	0	0	0	0	0	0	0	0	0	0
ASV_388	190	0	0	0	0	0	0	0	0	0	0	0	0	0	0	0
ASV_389	0	0	0	0	0	188	0	0	0	0	0	0	0	0	0	0
ASV_390	0	0	0	0	59	128	0	0	0	0	0	0	0	0	0	0
ASV_391	0	0	0	0	0	0	0	0	48	0	139	0	0	0	0	0
ASV_392	0	41	0	32	0	0	0	0	21	58	0	0	0	0	0	35
ASV_393	0	0	0	14	0	0	0	0	0	0	172	0	0	0	0	0
ASV_394	0	0	0	0	0	171	0	0	15	0	0	0	0	0	0	0
ASV_395	0	0	0	0	0	0	0	0	0	0	186	0	0	0	0	0
ASV_396	0	0	0	23	0	0	0	0	60	0	0	0	0	0	0	103
ASV_397	0	0	0	0	132	0	0	0	53	0	0	0	0	0	0	0
ASV_398	0	79	0	0	85	0	0	0	20	0	0	0	0	0	0	0
ASV_399	0	0	0	0	184	0	0	0	0	0	0	0	0	0	0	0
ASV_400	145	29	0	0	0	0	0	0	8	0	0	0	0	0	0	0
ASV_401	0	0	0	0	0	182	0	0	0	0	0	0	0	0	0	0
ASV_402	0	0	0	0	0	180	0	0	0	0	0	0	0	0	0	0
ASV_403	0	0	0	0	116	0	0	0	0	21	0	0	0	0	0	43
ASV_404	0	91	0	8	0	0	0	0	19	61	0	0	0	0	0	0
ASV_405	0	0	0	0	0	78	0	0	0	0	0	0	66	0	0	35
ASV_406	0	0	0	0	175	3	0	0	0	0	0	0	0	0	0	0
ASV_407	0	0	0	0	0	0	178	0	0	0	0	0	0	0	0	0
ASV_408	0	0	0	0	0	0	178	0	0	0	0	0	0	0	0	0
ASV_409	0	0	0	0	0	0	0	0	0	0	178	0	0	0	0	0
ASV_410	0	0	0	0	28	149	0	0	0	0	0	0	0	0	0	0
ASV_411	0	0	0	0	0	0	0	0	0	0	0	0	0	0	177	0
ASV_412	0	0	0	0	0	0	175	0	0	0	0	0	0	0	0	0
ASV_413	0	0	0	0	0	0	0	175	0	0	0	0	0	0	0	0
ASV_414	0	0	0	0	0	0	119	55	0	0	0	0	0	0	0	0
ASV_415	0	0	0	0	0	0	0	0	0	0	173	0	0	0	0	0
ASV_416	150	0	0	0	0	0	0	0	0	0	0	0	0	0	0	23
ASV_417	0	0	0	0	0	0	172	0	0	0	0	0	0	0	0	0
ASV_418	0	0	0	0	0	0	172	0	0	0	0	0	0	0	0	0
ASV_419	0	0	0	0	0	0	0	0	0	0	0	171	0	0	0	0
ASV_420	0	0	0	0	170	0	0	0	0	0	0	0	0	0	0	0
ASV_421	0	143	0	0	0	0	0	0	26	0	0	0	0	0	0	0
ASV_422	0	0	0	0	0	0	0	0	0	0	0	169	0	0	0	0
ASV_423	0	0	0	0	0	167	0	0	0	0	0	0	0	0	0	0
ASV_424	0	0	0	0	0	0	0	0	0	0	167	0	0	0	0	0
ASV_425	0	0	0	0	166	0	0	0	0	0	0	0	0	0	0	0
ASV_426	0	0	0	0	0	0	0	0	0	0	0	37	0	0	0	129
ASV_427	0	0	0	0	0	0	0	0	0	0	0	0	0	166	0	0
ASV_428	0	0	0	0	0	0	0	0	0	0	0	0	0	0	166	0
ASV_429	0	0	0	0	164	0	0	0	0	0	0	0	0	0	0	0
ASV_430	0	0	0	0	0	0	0	0	0	0	0	0	164	0	0	0
ASV_431	0	0	0	0	0	163	0	0	0	0	0	0	0	0	0	0
ASV_432	0	0	0	0	0	161	0	0	0	0	0	0	0	0	0	0
ASV_433	0	0	0	0	0	0	0	0	0	0	0	0	161	0	0	0
ASV_434	0	0	0	129	0	0	0	0	31	0	0	0	0	0	0	0
ASV_435	0	0	0	0	0	0	0	0	0	69	91	0	0	0	0	0
ASV_436	0	0	0	0	0	0	0	0	0	0	45	0	115	0	0	0
ASV_437	0	0	0	0	66	0	0	0	92	0	1	0	0	0	0	0
ASV_438	158	0	0	0	0	0	0	0	0	0	0	0	0	0	0	0
ASV_439	158	0	0	0	0	0	0	0	0	0	0	0	0	0	0	0
ASV_440	0	158	0	0	0	0	0	0	0	0	0	0	0	0	0	0
ASV_441	0	0	0	0	73	0	0	0	85	0	0	0	0	0	0	0
ASV_442	0	0	0	0	0	0	0	0	0	0	0	157	0	0	0	0
ASV_443	0	0	0	0	0	0	0	0	0	0	155	0	0	0	0	0
ASV_444	142	0	0	12	0	0	0	0	0	0	0	0	0	0	0	0
ASV_445	0	0	0	0	0	154	0	0	0	0	0	0	0	0	0	0
ASV_446	136	0	0	16	0	0	0	0	0	0	0	0	0	0	0	0
ASV_447	0	152	0	0	0	0	0	0	0	0	0	0	0	0	0	0
ASV_448	0	0	0	0	146	0	0	0	6	0	0	0	0	0	0	0
ASV_449	0	0	0	0	0	0	151	0	0	0	0	0	0	0	0	0
ASV_450	0	0	0	0	0	0	150	0	0	0	0	0	0	0	0	0
ASV_451	0	0	0	0	0	0	0	0	150	0	0	0	0	0	0	0
ASV_452	0	0	0	0	0	0	0	0	0	0	149	0	0	0	0	0
ASV_453	0	0	0	0	0	145	0	0	0	0	0	0	0	0	0	0
ASV_454	0	0	0	0	0	0	0	0	11	0	0	0	132	0	0	0
ASV_455	0	61	0	8	0	0	0	0	9	64	0	0	0	0	0	0
ASV_456	0	50	0	12	79	0	0	0	0	0	0	0	0	0	0	0
ASV_457	0	0	0	0	57	0	0	0	0	0	83	0	0	0	0	0
ASV_458	0	0	0	0	0	108	0	0	0	32	0	0	0	0	0	0
ASV_459	0	0	0	0	0	0	0	0	0	0	0	0	0	0	70	70
ASV_460	0	0	0	0	114	0	0	3	14	8	0	0	0	0	0	0
ASV_461	0	0	0	0	0	139	0	0	0	0	0	0	0	0	0	0
ASV_462	0	0	0	0	0	0	139	0	0	0	0	0	0	0	0	0
ASV_463	0	0	0	0	0	138	0	0	0	0	0	0	0	0	0	0
ASV_464	0	0	0	0	136	0	0	0	0	0	0	0	0	0	0	0
ASV_465	0	0	0	0	0	136	0	0	0	0	0	0	0	0	0	0
ASV_466	0	0	0	0	135	0	0	0	0	0	0	0	0	0	0	0
ASV_467	0	0	0	0	0	134	0	0	0	0	0	0	0	0	0	0
ASV_468	0	0	0	0	0	0	0	134	0	0	0	0	0	0	0	0
ASV_469	0	0	0	0	0	0	0	0	0	0	0	0	134	0	0	0
ASV_470	0	0	0	106	0	0	0	0	0	27	0	0	0	0	0	0
ASV_471	0	0	0	0	0	0	0	133	0	0	0	0	0	0	0	0
ASV_472	0	0	0	0	0	0	0	0	0	0	0	0	0	0	132	0
ASV_473	0	21	0	0	0	0	0	0	69	41	0	0	0	0	0	0
ASV_474	0	131	0	0	0	0	0	0	0	0	0	0	0	0	0	0
ASV_475	0	0	0	0	0	0	0	0	0	0	0	0	0	0	0	131
ASV_476	0	0	0	0	0	0	0	0	0	0	0	0	0	130	0	0
ASV_477	0	0	0	0	0	0	0	0	0	0	129	0	0	0	0	0
ASV_478	0	0	0	0	0	0	0	0	0	0	0	0	0	0	128	0
ASV_479	0	0	0	0	127	0	0	0	0	0	0	0	0	0	0	0
ASV_480	0	0	0	0	0	126	0	0	0	0	0	0	0	0	0	0
ASV_481	0	0	0	0	0	0	0	0	0	0	0	0	0	0	126	0
ASV_482	0	0	0	0	0	0	0	0	0	0	0	0	0	0	0	126
ASV_483	0	0	0	0	125	0	0	0	0	0	0	0	0	0	0	0
ASV_484	0	0	0	0	0	0	0	97	0	0	0	0	0	0	0	28
ASV_485	0	0	0	0	124	0	0	0	0	0	0	0	0	0	0	0
ASV_486	0	0	0	0	0	0	0	0	0	0	124	0	0	0	0	0
ASV_487	123	0	0	0	0	0	0	0	0	0	0	0	0	0	0	0
ASV_488	0	0	123	0	0	0	0	0	0	0	0	0	0	0	0	0
ASV_489	111	0	0	11	0	0	0	0	0	0	0	0	0	0	0	0
ASV_490	0	0	0	6	100	0	0	0	16	0	0	0	0	0	0	0
ASV_491	0	0	0	0	121	0	0	0	0	0	0	0	0	0	0	0
ASV_492	0	0	0	0	0	121	0	0	0	0	0	0	0	0	0	0
ASV_493	0	0	120	0	0	0	0	0	0	0	0	0	0	0	0	0
ASV_494	0	0	0	0	0	0	0	116	4	0	0	0	0	0	0	0
ASV_495	0	0	0	0	0	0	0	120	0	0	0	0	0	0	0	0
ASV_496	0	0	0	0	119	0	0	0	0	0	0	0	0	0	0	0
ASV_497	0	0	0	0	0	0	0	0	0	0	119	0	0	0	0	0
ASV_498	0	0	0	0	118	0	0	0	0	0	0	0	0	0	0	0
ASV_499	0	0	0	0	0	0	0	0	0	0	118	0	0	0	0	0
ASV_500	0	0	0	0	0	0	0	0	0	0	0	0	0	0	118	0
ASV_501	0	0	0	0	117	0	0	0	0	0	0	0	0	0	0	0
ASV_502	0	0	0	0	0	0	0	0	0	0	0	0	0	0	116	0
ASV_503	0	0	0	0	0	0	0	115	0	0	0	0	0	0	0	0
ASV_504	0	55	0	0	54	0	0	0	5	0	0	0	0	0	0	0
ASV_505	0	22	0	0	33	0	36	23	0	0	0	0	0	0	0	0
ASV_506	0	0	0	0	0	0	0	0	0	0	0	0	114	0	0	0
ASV_507	0	0	0	0	113	0	0	0	0	0	0	0	0	0	0	0
ASV_508	0	0	0	0	103	0	0	0	9	0	0	0	0	0	0	0
ASV_509	0	0	0	0	0	0	0	0	0	0	0	0	0	0	0	112
ASV_510	0	62	0	0	0	0	0	0	49	0	0	0	0	0	0	0
ASV_511	0	45	0	42	0	0	0	0	24	0	0	0	0	0	0	0
ASV_512	0	0	0	93	0	0	0	0	0	0	0	0	0	0	0	18
ASV_513	0	0	0	0	110	0	0	0	0	0	0	0	0	0	0	0
ASV_514	0	0	0	0	0	110	0	0	0	0	0	0	0	0	0	0
ASV_515	0	0	0	0	0	0	0	0	0	0	0	0	0	0	0	110
ASV_516	0	0	0	0	0	0	109	0	0	0	0	0	0	0	0	0
ASV_517	0	0	0	9	99	0	0	0	0	0	0	0	0	0	0	0
ASV_518	0	0	0	0	0	0	0	0	108	0	0	0	0	0	0	0
ASV_519	0	0	0	0	0	0	0	0	0	0	0	0	0	0	108	0
ASV_520	0	0	0	0	107	0	0	0	0	0	0	0	0	0	0	0
ASV_521	0	0	0	0	0	0	0	87	20	0	0	0	0	0	0	0
ASV_522	0	0	0	0	0	0	0	0	0	0	107	0	0	0	0	0
ASV_523	0	0	0	0	106	0	0	0	0	0	0	0	0	0	0	0
ASV_524	0	0	0	0	106	0	0	0	0	0	0	0	0	0	0	0
ASV_525	0	0	0	0	0	106	0	0	0	0	0	0	0	0	0	0
ASV_526	0	0	0	0	0	0	0	106	0	0	0	0	0	0	0	0
ASV_527	0	0	0	0	0	0	0	0	0	0	0	0	0	106	0	0
ASV_528	0	0	0	0	17	88	0	0	0	0	0	0	0	0	0	0
ASV_529	0	0	0	0	0	0	105	0	0	0	0	0	0	0	0	0
ASV_530	0	0	0	1	0	0	0	0	0	0	0	0	0	0	0	104
ASV_531	0	23	0	41	0	0	0	0	7	32	0	0	0	0	0	0
ASV_532	0	0	0	0	0	0	103	0	0	0	0	0	0	0	0	0
ASV_533	0	0	0	0	0	0	0	0	0	0	0	0	0	0	103	0
ASV_534	0	102	0	0	0	0	0	0	0	0	0	0	0	0	0	0
ASV_535	0	0	0	0	102	0	0	0	0	0	0	0	0	0	0	0
ASV_536	0	0	0	50	0	0	0	0	27	0	0	0	0	0	0	25
ASV_537	0	63	0	17	0	0	0	0	21	0	0	0	0	0	0	0
ASV_538	0	0	0	0	101	0	0	0	0	0	0	0	0	0	0	0
ASV_539	0	0	0	52	0	0	0	0	0	48	0	0	0	0	0	0
ASV_540	0	0	0	0	99	0	0	0	0	0	0	0	0	0	0	0
ASV_541	0	0	0	0	0	98	0	0	0	0	0	0	0	0	0	0
ASV_542	0	0	0	0	0	0	98	0	0	0	0	0	0	0	0	0
ASV_543	0	0	0	0	0	0	0	98	0	0	0	0	0	0	0	0
ASV_544	0	0	0	0	0	72	0	0	0	0	0	0	0	0	0	26
ASV_545	97	0	0	0	0	0	0	0	0	0	0	0	0	0	0	0
ASV_546	0	97	0	0	0	0	0	0	0	0	0	0	0	0	0	0
ASV_547	0	0	0	7	0	0	0	90	0	0	0	0	0	0	0	0
ASV_548	0	0	0	0	0	96	0	0	0	0	0	0	0	0	0	0
ASV_549	0	0	0	0	0	0	0	96	0	0	0	0	0	0	0	0
ASV_550	0	0	0	0	0	0	0	0	0	0	0	0	0	0	0	96
ASV_551	0	0	0	0	94	0	0	0	0	0	0	0	0	0	0	0
ASV_552	0	0	0	0	0	0	0	94	0	0	0	0	0	0	0	0
ASV_553	0	0	0	0	0	93	0	0	0	0	0	0	0	0	0	0
ASV_554	0	0	0	0	0	0	0	0	0	0	0	0	93	0	0	0
ASV_555	0	0	0	0	0	0	0	0	0	0	0	0	93	0	0	0
ASV_556	0	0	0	10	0	0	0	82	0	0	0	0	0	0	0	0
ASV_557	0	0	0	0	0	0	0	0	0	0	90	0	0	0	0	0
ASV_558	0	31	0	0	58	0	0	0	0	0	0	0	0	0	0	0
ASV_559	0	0	0	0	0	89	0	0	0	0	0	0	0	0	0	0
ASV_560	0	0	0	0	0	0	0	0	0	0	0	0	0	0	89	0
ASV_561	0	0	0	0	0	0	0	0	0	0	0	0	0	0	0	89
ASV_562	0	38	0	0	0	0	0	0	50	0	0	0	0	0	0	0
ASV_563	0	0	0	18	0	0	0	0	0	0	70	0	0	0	0	0
ASV_564	0	0	0	0	0	0	0	0	0	0	88	0	0	0	0	0
ASV_565	0	0	87	0	0	0	0	0	0	0	0	0	0	0	0	0
ASV_566	0	0	0	0	87	0	0	0	0	0	0	0	0	0	0	0
ASV_567	0	0	0	0	0	87	0	0	0	0	0	0	0	0	0	0
ASV_568	0	0	0	0	0	0	0	79	8	0	0	0	0	0	0	0
ASV_569	0	0	0	0	0	0	0	0	0	0	0	86	0	0	0	0
ASV_570	0	85	0	0	0	0	0	0	0	0	0	0	0	0	0	0
ASV_571	0	0	0	0	84	0	0	0	0	0	0	0	0	0	0	0
ASV_572	0	0	0	0	0	0	84	0	0	0	0	0	0	0	0	0
ASV_573	0	0	0	0	0	0	0	0	25	0	0	0	0	0	0	59
ASV_574	0	0	0	0	0	0	0	0	0	83	0	0	0	0	0	0
ASV_575	9	0	3	0	0	0	27	0	0	0	5	10	0	24	5	0
ASV_576	82	0	0	0	0	0	0	0	0	0	0	0	0	0	0	0
ASV_577	81	0	0	0	0	0	0	0	0	0	0	0	0	0	0	0
ASV_578	0	0	0	10	0	0	0	0	71	0	0	0	0	0	0	0
ASV_579	0	0	0	0	0	80	0	0	0	0	0	0	0	0	0	0
ASV_580	0	0	0	79	0	0	0	0	0	0	0	0	0	0	0	0
ASV_581	0	0	0	0	0	79	0	0	0	0	0	0	0	0	0	0
ASV_582	0	0	0	0	0	0	0	79	0	0	0	0	0	0	0	0
ASV_583	0	0	0	0	78	0	0	0	0	0	0	0	0	0	0	0
ASV_584	0	0	0	0	78	0	0	0	0	0	0	0	0	0	0	0
ASV_585	0	0	0	0	0	77	0	0	0	0	0	0	0	0	0	0
ASV_586	76	0	0	0	0	0	0	0	0	0	0	0	0	0	0	0
ASV_587	0	76	0	0	0	0	0	0	0	0	0	0	0	0	0	0
ASV_588	0	0	0	0	76	0	0	0	0	0	0	0	0	0	0	0
ASV_589	0	0	0	0	0	0	0	76	0	0	0	0	0	0	0	0
ASV_590	0	0	0	0	0	0	0	76	0	0	0	0	0	0	0	0
ASV_591	0	0	0	52	0	0	0	0	23	0	0	0	0	0	0	0
ASV_592	0	0	0	0	0	75	0	0	0	0	0	0	0	0	0	0
ASV_593	0	0	0	0	0	75	0	0	0	0	0	0	0	0	0	0
ASV_594	0	0	0	0	0	0	0	0	75	0	0	0	0	0	0	0
ASV_595	0	0	0	0	0	0	74	0	0	0	0	0	0	0	0	0
ASV_596	0	0	0	0	0	0	0	74	0	0	0	0	0	0	0	0
ASV_597	0	0	0	0	0	0	0	0	0	0	74	0	0	0	0	0
ASV_598	0	0	0	0	0	0	0	0	0	0	0	0	74	0	0	0
ASV_599	0	0	0	0	73	0	0	0	0	0	0	0	0	0	0	0
ASV_600	0	0	0	0	0	0	0	73	0	0	0	0	0	0	0	0
ASV_601	0	0	0	0	0	0	0	69	4	0	0	0	0	0	0	0
ASV_602	0	0	0	0	0	0	0	0	73	0	0	0	0	0	0	0
ASV_603	0	0	0	0	0	0	0	0	0	0	0	0	73	0	0	0
ASV_604	0	0	0	0	0	0	0	0	0	0	0	0	73	0	0	0
ASV_605	0	62	0	0	0	0	0	0	10	0	0	0	0	0	0	0
ASV_606	0	0	0	0	0	0	0	0	71	0	0	0	0	0	0	0
ASV_607	0	0	0	0	0	0	0	0	0	0	0	0	0	0	71	0
ASV_608	0	0	0	0	0	70	0	0	0	0	0	0	0	0	0	0
ASV_609	0	0	0	0	0	69	0	0	0	0	0	0	0	0	0	0
ASV_610	0	0	0	8	60	0	0	0	0	0	0	0	0	0	0	0
ASV_611	0	0	0	0	0	0	0	68	0	0	0	0	0	0	0	0
ASV_612	0	0	0	0	0	0	0	0	68	0	0	0	0	0	0	0
ASV_613	0	0	0	0	0	0	0	0	0	0	0	0	0	0	0	68
ASV_614	0	0	0	0	67	0	0	0	0	0	0	0	0	0	0	0
ASV_615	0	0	0	0	0	67	0	0	0	0	0	0	0	0	0	0
ASV_616	0	0	0	0	66	0	0	0	0	0	0	0	0	0	0	0
ASV_617	0	0	0	0	66	0	0	0	0	0	0	0	0	0	0	0
ASV_618	0	0	0	0	65	0	0	0	0	0	0	0	0	0	0	0
ASV_619	0	0	0	0	0	65	0	0	0	0	0	0	0	0	0	0
ASV_620	0	0	0	0	0	65	0	0	0	0	0	0	0	0	0	0
ASV_621	0	0	0	0	64	0	0	0	0	0	0	0	0	0	0	0
ASV_622	0	0	0	0	64	0	0	0	0	0	0	0	0	0	0	0
ASV_623	0	0	0	0	64	0	0	0	0	0	0	0	0	0	0	0
ASV_624	0	0	0	0	0	64	0	0	0	0	0	0	0	0	0	0
ASV_625	0	0	0	0	0	0	0	0	64	0	0	0	0	0	0	0
ASV_626	0	0	0	0	0	0	0	0	0	0	0	0	35	0	18	11
ASV_627	0	0	0	0	0	63	0	0	0	0	0	0	0	0	0	0
ASV_628	0	0	0	0	0	0	0	0	0	63	0	0	0	0	0	0
ASV_629	0	0	0	0	0	0	0	0	0	0	63	0	0	0	0	0
ASV_630	62	0	0	0	0	0	0	0	0	0	0	0	0	0	0	0
ASV_631	0	62	0	0	0	0	0	0	0	0	0	0	0	0	0	0
ASV_632	0	0	0	0	0	0	62	0	0	0	0	0	0	0	0	0
ASV_633	0	0	0	0	0	0	0	0	0	62	0	0	0	0	0	0
ASV_634	0	0	0	0	0	0	0	0	0	62	0	0	0	0	0	0
ASV_635	0	0	0	0	37	0	0	0	24	0	0	0	0	0	0	0
ASV_636	0	0	0	0	61	0	0	0	0	0	0	0	0	0	0	0
ASV_637	0	0	0	0	61	0	0	0	0	0	0	0	0	0	0	0
ASV_638	0	0	0	0	0	0	0	61	0	0	0	0	0	0	0	0
ASV_639	0	0	0	0	0	0	0	0	0	0	0	0	0	0	0	61
ASV_640	0	60	0	0	0	0	0	0	0	0	0	0	0	0	0	0
ASV_641	0	47	0	0	0	0	0	0	13	0	0	0	0	0	0	0
ASV_642	0	0	0	38	0	0	0	0	9	13	0	0	0	0	0	0
ASV_643	0	0	0	0	0	0	0	0	0	0	0	0	60	0	0	0
ASV_644	0	0	0	0	0	0	0	0	0	0	0	0	0	60	0	0
ASV_645	0	0	0	0	59	0	0	0	0	0	0	0	0	0	0	0
ASV_646	0	0	0	0	0	0	0	0	59	0	0	0	0	0	0	0
ASV_647	0	0	0	0	0	0	0	0	0	0	0	59	0	0	0	0
ASV_648	0	0	0	0	58	0	0	0	0	0	0	0	0	0	0	0
ASV_649	0	0	0	0	58	0	0	0	0	0	0	0	0	0	0	0
ASV_650	0	0	0	0	58	0	0	0	0	0	0	0	0	0	0	0
ASV_651	0	0	0	0	0	0	0	58	0	0	0	0	0	0	0	0
ASV_652	0	0	0	0	0	0	0	0	30	28	0	0	0	0	0	0
ASV_653	0	0	0	0	0	0	0	0	0	0	58	0	0	0	0	0
ASV_654	0	57	0	0	0	0	0	0	0	0	0	0	0	0	0	0
ASV_655	0	0	0	12	0	0	0	0	45	0	0	0	0	0	0	0
ASV_656	0	0	0	0	57	0	0	0	0	0	0	0	0	0	0	0
ASV_657	0	0	0	0	0	57	0	0	0	0	0	0	0	0	0	0
ASV_658	0	0	0	0	0	0	57	0	0	0	0	0	0	0	0	0
ASV_659	0	0	0	0	0	0	0	0	0	57	0	0	0	0	0	0
ASV_660	0	0	0	0	0	0	0	0	56	0	0	0	0	0	0	0
ASV_661	0	0	0	0	0	0	0	0	0	0	0	0	56	0	0	0
ASV_662	0	55	0	0	0	0	0	0	0	0	0	0	0	0	0	0
ASV_663	0	55	0	0	0	0	0	0	0	0	0	0	0	0	0	0
ASV_664	0	0	0	38	0	0	0	0	17	0	0	0	0	0	0	0
ASV_665	0	0	0	0	55	0	0	0	0	0	0	0	0	0	0	0
ASV_666	0	0	0	0	0	0	0	3	52	0	0	0	0	0	0	0
ASV_667	0	35	0	0	0	0	0	0	19	0	0	0	0	0	0	0
ASV_668	0	0	0	0	54	0	0	0	0	0	0	0	0	0	0	0
ASV_669	0	0	0	0	54	0	0	0	0	0	0	0	0	0	0	0
ASV_670	0	0	0	0	0	0	0	54	0	0	0	0	0	0	0	0
ASV_671	0	0	0	0	0	0	0	54	0	0	0	0	0	0	0	0
ASV_672	0	0	0	0	0	53	0	0	0	0	0	0	0	0	0	0
ASV_673	0	0	0	0	0	0	0	53	0	0	0	0	0	0	0	0
ASV_674	0	0	0	0	0	0	0	0	0	53	0	0	0	0	0	0
ASV_675	0	0	0	0	0	0	0	0	0	53	0	0	0	0	0	0
ASV_676	0	34	0	0	0	0	0	0	18	0	0	0	0	0	0	0
ASV_677	0	0	0	22	0	0	0	0	30	0	0	0	0	0	0	0
ASV_678	0	0	0	0	34	0	0	0	18	0	0	0	0	0	0	0
ASV_679	0	0	0	0	0	0	0	0	0	52	0	0	0	0	0	0
ASV_680	0	0	12	0	0	0	6	0	0	0	0	6	13	4	8	3
ASV_681	0	0	0	0	0	0	0	0	0	0	0	0	52	0	0	0
ASV_682	0	0	0	0	0	0	0	0	0	0	0	0	0	0	20	32
ASV_683	0	0	0	0	0	0	0	0	0	0	0	0	0	0	0	52
ASV_684	0	43	0	0	0	0	0	0	8	0	0	0	0	0	0	0
ASV_685	0	51	0	0	0	0	0	0	0	0	0	0	0	0	0	0
ASV_686	0	48	0	0	0	0	0	0	3	0	0	0	0	0	0	0
ASV_687	0	0	0	31	0	0	0	0	0	20	0	0	0	0	0	0
ASV_688	0	0	0	0	0	51	0	0	0	0	0	0	0	0	0	0
ASV_689	0	0	0	0	0	0	0	0	51	0	0	0	0	0	0	0
ASV_690	0	0	0	0	50	0	0	0	0	0	0	0	0	0	0	0
ASV_691	0	0	0	0	50	0	0	0	0	0	0	0	0	0	0	0
ASV_692	0	0	0	0	0	0	0	0	0	0	0	0	0	0	0	50
ASV_693	2	47	0	0	0	0	0	0	0	0	0	0	0	0	0	0
ASV_694	0	0	49	0	0	0	0	0	0	0	0	0	0	0	0	0
ASV_695	0	0	0	0	49	0	0	0	0	0	0	0	0	0	0	0
ASV_696	0	0	0	0	49	0	0	0	0	0	0	0	0	0	0	0
ASV_697	0	0	0	0	0	0	0	49	0	0	0	0	0	0	0	0
ASV_698	0	0	0	0	0	0	0	0	0	49	0	0	0	0	0	0
ASV_699	0	0	0	0	0	0	0	0	0	49	0	0	0	0	0	0
ASV_700	0	0	0	0	0	0	0	0	0	49	0	0	0	0	0	0
ASV_701	0	24	0	0	0	0	0	0	0	24	0	0	0	0	0	0
ASV_702	0	0	0	0	48	0	0	0	0	0	0	0	0	0	0	0
ASV_703	0	0	0	0	0	48	0	0	0	0	0	0	0	0	0	0
ASV_704	0	0	47	0	0	0	0	0	0	0	0	0	0	0	0	0
ASV_705	0	0	0	9	0	0	0	0	38	0	0	0	0	0	0	0
ASV_706	0	0	0	0	47	0	0	0	0	0	0	0	0	0	0	0
ASV_707	0	0	0	0	0	0	0	0	0	47	0	0	0	0	0	0
ASV_708	0	0	0	0	0	0	0	0	0	47	0	0	0	0	0	0
ASV_709	0	0	0	0	0	0	0	0	0	47	0	0	0	0	0	0
ASV_710	0	46	0	0	0	0	0	0	0	0	0	0	0	0	0	0
ASV_711	0	0	0	0	46	0	0	0	0	0	0	0	0	0	0	0
ASV_712	0	0	0	0	0	0	0	0	46	0	0	0	0	0	0	0
ASV_713	0	45	0	0	0	0	0	0	0	0	0	0	0	0	0	0
ASV_714	0	45	0	0	0	0	0	0	0	0	0	0	0	0	0	0
ASV_715	0	0	0	0	45	0	0	0	0	0	0	0	0	0	0	0
ASV_716	0	0	0	0	45	0	0	0	0	0	0	0	0	0	0	0
ASV_717	0	0	0	0	45	0	0	0	0	0	0	0	0	0	0	0
ASV_718	0	0	0	0	0	0	0	0	0	0	0	0	0	0	0	45
ASV_719	0	0	0	0	0	44	0	0	0	0	0	0	0	0	0	0
ASV_720	0	0	0	0	0	0	44	0	0	0	0	0	0	0	0	0
ASV_721	0	0	0	0	0	0	0	0	44	0	0	0	0	0	0	0
ASV_722	0	0	0	0	0	0	0	0	0	0	0	0	44	0	0	0
ASV_723	0	0	0	0	0	0	0	0	0	0	0	0	0	0	0	44
ASV_724	0	43	0	0	0	0	0	0	0	0	0	0	0	0	0	0
ASV_725	0	0	0	0	37	0	0	0	6	0	0	0	0	0	0	0
ASV_726	0	0	0	0	43	0	0	0	0	0	0	0	0	0	0	0
ASV_727	0	0	0	0	0	43	0	0	0	0	0	0	0	0	0	0
ASV_728	0	0	0	0	0	0	0	0	0	43	0	0	0	0	0	0
ASV_729	0	0	0	0	0	0	0	0	0	43	0	0	0	0	0	0
ASV_730	0	0	0	0	0	0	0	0	0	0	43	0	0	0	0	0
ASV_731	0	0	0	0	42	0	0	0	0	0	0	0	0	0	0	0
ASV_732	0	0	0	0	0	0	0	0	42	0	0	0	0	0	0	0
ASV_733	0	0	0	0	0	0	0	0	42	0	0	0	0	0	0	0
ASV_734	0	0	0	0	0	0	0	0	0	0	0	0	0	0	0	42
ASV_735	0	0	0	0	41	0	0	0	0	0	0	0	0	0	0	0
ASV_736	0	0	0	0	0	0	0	41	0	0	0	0	0	0	0	0
ASV_737	0	0	0	0	0	0	0	0	41	0	0	0	0	0	0	0
ASV_738	0	0	0	0	0	0	0	0	0	41	0	0	0	0	0	0
ASV_739	0	0	0	0	0	0	0	0	0	0	41	0	0	0	0	0
ASV_740	0	0	0	0	0	0	0	0	0	0	0	0	0	0	0	41
ASV_741	0	40	0	0	0	0	0	0	0	0	0	0	0	0	0	0
ASV_742	0	14	0	0	0	0	0	0	26	0	0	0	0	0	0	0
ASV_743	0	40	0	0	0	0	0	0	0	0	0	0	0	0	0	0
ASV_744	0	0	0	0	40	0	0	0	0	0	0	0	0	0	0	0
ASV_745	0	0	0	15	0	0	0	0	24	0	0	0	0	0	0	0
ASV_746	0	0	0	0	0	0	0	0	39	0	0	0	0	0	0	0
ASV_747	0	0	0	0	0	0	0	0	39	0	0	0	0	0	0	0
ASV_748	0	0	0	0	0	0	0	0	0	0	0	0	0	0	0	39
ASV_749	0	0	0	0	0	0	0	0	0	0	0	0	0	0	0	39
ASV_750	0	0	0	0	0	0	0	0	38	0	0	0	0	0	0	0
ASV_751	0	0	0	0	0	0	0	0	0	0	0	0	0	0	0	38
ASV_752	0	0	0	0	0	0	0	0	0	0	0	0	0	0	0	38
ASV_753	0	0	0	21	0	0	0	0	16	0	0	0	0	0	0	0
ASV_754	0	0	0	37	0	0	0	0	0	0	0	0	0	0	0	0
ASV_755	0	0	0	0	37	0	0	0	0	0	0	0	0	0	0	0
ASV_756	0	0	0	0	0	37	0	0	0	0	0	0	0	0	0	0
ASV_757	0	0	0	0	0	0	0	37	0	0	0	0	0	0	0	0
ASV_758	0	0	0	0	0	0	0	0	0	37	0	0	0	0	0	0
ASV_759	0	0	0	0	0	0	0	0	0	0	37	0	0	0	0	0
ASV_760	0	0	0	0	0	0	0	0	0	0	0	0	0	0	0	37
ASV_761	0	0	0	36	0	0	0	0	0	0	0	0	0	0	0	0
ASV_762	0	0	0	13	0	0	0	0	23	0	0	0	0	0	0	0
ASV_763	0	0	0	36	0	0	0	0	0	0	0	0	0	0	0	0
ASV_764	0	0	0	0	0	0	0	36	0	0	0	0	0	0	0	0
ASV_765	0	0	0	0	0	0	0	0	36	0	0	0	0	0	0	0
ASV_766	0	30	0	0	0	0	0	0	5	0	0	0	0	0	0	0
ASV_767	0	0	0	11	0	0	0	24	0	0	0	0	0	0	0	0
ASV_768	0	0	0	0	35	0	0	0	0	0	0	0	0	0	0	0
ASV_769	0	0	0	0	0	0	0	35	0	0	0	0	0	0	0	0
ASV_770	0	0	0	0	0	0	0	0	35	0	0	0	0	0	0	0
ASV_771	0	0	0	0	0	0	0	0	0	35	0	0	0	0	0	0
ASV_772	0	0	0	0	0	0	0	0	0	0	0	0	0	0	0	35
ASV_773	34	0	0	0	0	0	0	0	0	0	0	0	0	0	0	0
ASV_774	0	0	0	34	0	0	0	0	0	0	0	0	0	0	0	0
ASV_775	0	0	0	11	0	0	0	0	23	0	0	0	0	0	0	0
ASV_776	0	0	0	0	34	0	0	0	0	0	0	0	0	0	0	0
ASV_777	0	0	0	0	34	0	0	0	0	0	0	0	0	0	0	0
ASV_778	0	0	0	0	34	0	0	0	0	0	0	0	0	0	0	0
ASV_779	0	0	0	0	34	0	0	0	0	0	0	0	0	0	0	0
ASV_780	0	0	0	0	34	0	0	0	0	0	0	0	0	0	0	0
ASV_781	0	0	0	0	0	0	34	0	0	0	0	0	0	0	0	0
ASV_782	0	0	0	0	0	0	0	0	34	0	0	0	0	0	0	0
ASV_783	0	0	0	0	0	0	0	0	0	0	0	0	34	0	0	0
ASV_784	0	0	0	0	0	0	0	0	0	0	0	0	34	0	0	0
ASV_785	0	33	0	0	0	0	0	0	0	0	0	0	0	0	0	0
ASV_786	0	0	0	27	0	0	0	0	6	0	0	0	0	0	0	0
ASV_787	0	0	0	0	33	0	0	0	0	0	0	0	0	0	0	0
ASV_788	0	0	0	0	33	0	0	0	0	0	0	0	0	0	0	0
ASV_789	0	0	0	0	0	0	0	0	33	0	0	0	0	0	0	0
ASV_790	0	0	0	0	0	0	0	0	33	0	0	0	0	0	0	0
ASV_791	0	0	0	0	0	0	0	0	0	0	0	0	0	0	0	33
ASV_792	0	0	0	0	0	0	32	0	0	0	0	0	0	0	0	0
ASV_793	0	0	0	0	0	0	0	0	32	0	0	0	0	0	0	0
ASV_794	0	0	0	0	0	0	0	0	32	0	0	0	0	0	0	0
ASV_795	0	0	0	0	0	0	0	0	0	0	0	0	0	0	0	32
ASV_796	0	0	0	0	0	0	0	0	0	0	0	0	0	0	0	32
ASV_797	0	31	0	0	0	0	0	0	0	0	0	0	0	0	0	0
ASV_798	0	21	0	9	0	0	0	0	0	0	0	0	0	0	0	0
ASV_799	0	0	0	0	30	0	0	0	0	0	0	0	0	0	0	0
ASV_800	0	0	0	0	0	30	0	0	0	0	0	0	0	0	0	0
ASV_801	0	0	0	13	0	0	0	0	16	0	0	0	0	0	0	0
ASV_802	0	0	0	29	0	0	0	0	0	0	0	0	0	0	0	0
ASV_803	0	0	0	0	29	0	0	0	0	0	0	0	0	0	0	0
ASV_804	0	0	0	0	29	0	0	0	0	0	0	0	0	0	0	0
ASV_805	0	0	0	0	29	0	0	0	0	0	0	0	0	0	0	0
ASV_806	0	0	0	0	0	0	0	0	0	0	0	0	0	29	0	0
ASV_807	0	0	0	0	0	0	0	0	0	0	0	0	0	0	0	29
ASV_808	0	0	0	0	0	0	0	0	0	0	0	0	0	0	0	29
ASV_809	0	0	0	0	0	0	0	0	28	0	0	0	0	0	0	0
ASV_810	0	0	0	0	0	0	0	0	28	0	0	0	0	0	0	0
ASV_811	0	0	0	0	0	0	0	0	0	28	0	0	0	0	0	0
ASV_812	0	0	0	0	0	0	0	0	0	0	0	0	0	0	28	0
ASV_813	0	0	0	0	0	0	0	0	0	0	0	0	0	0	0	28
ASV_814	0	0	0	0	0	0	0	0	27	0	0	0	0	0	0	0
ASV_815	0	0	0	0	0	0	0	0	27	0	0	0	0	0	0	0
ASV_816	0	26	0	0	0	0	0	0	0	0	0	0	0	0	0	0
ASV_817	0	0	0	11	0	0	0	0	15	0	0	0	0	0	0	0
ASV_818	0	0	0	0	26	0	0	0	0	0	0	0	0	0	0	0
ASV_819	0	0	0	0	0	26	0	0	0	0	0	0	0	0	0	0
ASV_820	0	0	0	0	0	0	0	0	26	0	0	0	0	0	0	0
ASV_821	0	0	0	0	0	0	0	0	0	26	0	0	0	0	0	0
ASV_822	0	0	0	0	0	2	0	0	0	0	0	0	24	0	0	0
ASV_823	0	0	0	0	0	0	0	0	0	0	0	0	0	0	26	0
ASV_824	0	0	0	0	25	0	0	0	0	0	0	0	0	0	0	0
ASV_825	0	0	0	0	0	0	0	0	25	0	0	0	0	0	0	0
ASV_826	0	0	0	0	0	0	0	0	25	0	0	0	0	0	0	0
ASV_827	0	0	0	0	0	0	0	0	0	0	0	0	0	0	0	25
ASV_828	0	24	0	0	0	0	0	0	0	0	0	0	0	0	0	0
ASV_829	0	0	0	0	0	0	0	0	24	0	0	0	0	0	0	0
ASV_830	0	0	0	0	0	0	0	0	24	0	0	0	0	0	0	0
ASV_831	0	0	0	0	0	0	0	0	0	0	0	0	0	0	0	24
ASV_832	0	23	0	0	0	0	0	0	0	0	0	0	0	0	0	0
ASV_833	0	0	0	23	0	0	0	0	0	0	0	0	0	0	0	0
ASV_834	0	0	0	0	0	23	0	0	0	0	0	0	0	0	0	0
ASV_835	0	0	0	0	0	23	0	0	0	0	0	0	0	0	0	0
ASV_836	0	0	0	0	0	0	0	23	0	0	0	0	0	0	0	0
ASV_837	0	0	0	0	0	0	0	0	23	0	0	0	0	0	0	0
ASV_838	0	0	0	0	0	0	0	0	23	0	0	0	0	0	0	0
ASV_839	0	0	0	0	0	0	0	0	0	23	0	0	0	0	0	0
ASV_840	0	0	0	0	0	0	0	0	0	23	0	0	0	0	0	0
ASV_841	0	0	0	0	0	0	0	0	0	0	0	0	0	0	0	23
ASV_842	0	0	0	22	0	0	0	0	0	0	0	0	0	0	0	0
ASV_843	0	0	0	6	0	0	0	0	16	0	0	0	0	0	0	0
ASV_844	0	0	0	0	0	0	0	0	22	0	0	0	0	0	0	0
ASV_845	0	0	0	0	0	0	0	0	22	0	0	0	0	0	0	0
ASV_846	0	0	0	0	0	0	0	0	0	22	0	0	0	0	0	0
ASV_847	0	0	0	0	0	0	0	0	0	0	0	0	22	0	0	0
ASV_848	0	0	0	0	0	0	0	0	0	0	0	0	22	0	0	0
ASV_849	0	0	0	0	0	0	0	0	0	0	0	0	0	0	0	22
ASV_850	0	0	0	0	0	0	0	0	0	0	0	0	0	0	0	22
ASV_851	0	0	0	0	21	0	0	0	0	0	0	0	0	0	0	0
ASV_852	0	0	0	0	0	0	0	21	0	0	0	0	0	0	0	0
ASV_853	0	0	0	0	0	0	0	0	21	0	0	0	0	0	0	0
ASV_854	0	0	0	0	0	0	0	0	21	0	0	0	0	0	0	0
ASV_855	0	0	0	0	0	0	0	0	0	0	0	0	0	0	0	21
ASV_856	0	0	0	0	0	20	0	0	0	0	0	0	0	0	0	0
ASV_857	0	0	0	0	0	0	0	0	20	0	0	0	0	0	0	0
ASV_858	0	0	0	0	0	0	0	0	20	0	0	0	0	0	0	0
ASV_859	0	0	0	0	0	0	0	0	20	0	0	0	0	0	0	0
ASV_860	0	0	0	0	0	0	0	0	0	0	20	0	0	0	0	0
ASV_861	2	0	0	0	0	0	0	0	0	0	0	0	0	0	0	18
ASV_862	19	0	0	0	0	0	0	0	0	0	0	0	0	0	0	0
ASV_863	0	0	0	0	0	0	0	0	19	0	0	0	0	0	0	0
ASV_864	0	0	0	0	0	0	0	0	0	0	0	0	0	0	0	19
ASV_865	0	0	0	0	0	0	0	0	0	0	0	0	0	0	0	19
ASV_866	0	0	0	18	0	0	0	0	0	0	0	0	0	0	0	0
ASV_867	0	0	0	0	0	0	18	0	0	0	0	0	0	0	0	0
ASV_868	0	0	0	0	0	0	0	0	18	0	0	0	0	0	0	0
ASV_869	0	0	0	0	0	0	0	0	18	0	0	0	0	0	0	0
ASV_870	0	0	0	0	0	0	0	0	18	0	0	0	0	0	0	0
ASV_871	0	0	0	0	0	0	0	0	18	0	0	0	0	0	0	0
ASV_872	0	0	0	0	0	0	0	0	0	0	0	0	18	0	0	0
ASV_873	0	0	0	0	0	0	0	0	0	0	0	0	0	0	0	18
ASV_874	0	0	0	0	0	0	0	0	0	0	0	0	0	0	0	18
ASV_875	0	0	0	0	0	0	0	0	0	0	0	0	0	0	0	18
ASV_876	0	0	0	17	0	0	0	0	0	0	0	0	0	0	0	0
ASV_877	0	0	0	0	17	0	0	0	0	0	0	0	0	0	0	0
ASV_878	0	0	0	0	17	0	0	0	0	0	0	0	0	0	0	0
ASV_879	0	0	0	0	0	0	0	0	17	0	0	0	0	0	0	0
ASV_880	0	0	0	0	0	0	0	0	17	0	0	0	0	0	0	0
ASV_881	0	0	0	0	0	0	0	0	17	0	0	0	0	0	0	0
ASV_882	0	0	0	0	0	0	0	0	17	0	0	0	0	0	0	0
ASV_883	0	0	0	0	0	0	0	0	17	0	0	0	0	0	0	0
ASV_884	0	0	0	8	0	0	0	0	8	0	0	0	0	0	0	0
ASV_885	0	0	0	16	0	0	0	0	0	0	0	0	0	0	0	0
ASV_886	0	0	0	0	16	0	0	0	0	0	0	0	0	0	0	0
ASV_887	0	0	0	0	0	0	0	16	0	0	0	0	0	0	0	0
ASV_888	0	0	0	0	0	0	0	0	16	0	0	0	0	0	0	0
ASV_889	0	0	0	0	0	0	0	0	16	0	0	0	0	0	0	0
ASV_890	0	0	0	0	0	0	0	0	16	0	0	0	0	0	0	0
ASV_891	0	0	0	0	0	0	0	0	16	0	0	0	0	0	0	0
ASV_892	0	0	0	0	0	0	0	0	16	0	0	0	0	0	0	0
ASV_893	0	0	0	0	0	0	0	0	16	0	0	0	0	0	0	0
ASV_894	0	0	0	0	0	0	0	0	0	0	0	0	0	0	0	16
ASV_895	0	0	0	0	0	0	0	0	0	0	0	0	0	0	0	16
ASV_896	0	0	0	0	0	0	0	0	0	0	0	0	0	0	0	16
ASV_897	0	15	0	0	0	0	0	0	0	0	0	0	0	0	0	0
ASV_898	0	0	0	15	0	0	0	0	0	0	0	0	0	0	0	0
ASV_899	0	0	0	0	0	0	0	0	15	0	0	0	0	0	0	0
ASV_900	0	0	0	0	0	0	0	0	15	0	0	0	0	0	0	0
ASV_901	0	0	0	0	0	0	0	0	15	0	0	0	0	0	0	0
ASV_902	0	0	0	0	0	0	0	0	15	0	0	0	0	0	0	0
ASV_903	0	0	0	0	0	0	0	0	15	0	0	0	0	0	0	0
ASV_904	0	0	0	0	0	0	0	0	15	0	0	0	0	0	0	0
ASV_905	0	0	0	5	0	0	0	0	9	0	0	0	0	0	0	0
ASV_906	0	0	0	14	0	0	0	0	0	0	0	0	0	0	0	0
ASV_907	0	0	0	7	0	0	0	0	7	0	0	0	0	0	0	0
ASV_908	0	0	0	0	0	0	6	8	0	0	0	0	0	0	0	0
ASV_909	0	0	0	0	0	0	0	0	14	0	0	0	0	0	0	0
ASV_910	0	0	0	0	0	0	0	0	14	0	0	0	0	0	0	0
ASV_911	0	0	0	0	0	0	0	0	14	0	0	0	0	0	0	0
ASV_912	0	0	0	0	0	0	0	0	14	0	0	0	0	0	0	0
ASV_913	0	0	0	0	0	0	0	0	14	0	0	0	0	0	0	0
ASV_914	0	3	0	0	0	0	0	0	10	0	0	0	0	0	0	0
ASV_915	0	0	0	13	0	0	0	0	0	0	0	0	0	0	0	0
ASV_916	0	0	0	0	13	0	0	0	0	0	0	0	0	0	0	0
ASV_917	0	0	0	0	0	0	13	0	0	0	0	0	0	0	0	0
ASV_918	0	0	0	0	0	0	0	0	13	0	0	0	0	0	0	0
ASV_919	0	0	0	0	0	0	0	0	13	0	0	0	0	0	0	0
ASV_920	0	0	0	0	0	0	0	0	0	0	0	0	0	0	0	13
ASV_921	0	0	0	12	0	0	0	0	0	0	0	0	0	0	0	0
ASV_922	0	0	0	0	0	0	0	0	12	0	0	0	0	0	0	0
ASV_923	0	0	0	0	0	0	0	0	12	0	0	0	0	0	0	0
ASV_924	0	0	0	0	0	0	0	0	12	0	0	0	0	0	0	0
ASV_925	0	0	0	0	0	0	0	0	12	0	0	0	0	0	0	0
ASV_926	0	0	0	0	0	0	0	0	12	0	0	0	0	0	0	0
ASV_927	0	0	0	0	0	0	0	0	12	0	0	0	0	0	0	0
ASV_928	0	0	0	0	0	0	0	0	12	0	0	0	0	0	0	0
ASV_929	0	0	0	0	0	0	0	0	0	0	0	0	0	0	0	12
ASV_930	0	0	0	11	0	0	0	0	0	0	0	0	0	0	0	0
ASV_931	0	0	0	11	0	0	0	0	0	0	0	0	0	0	0	0
ASV_932	0	0	0	0	0	0	0	11	0	0	0	0	0	0	0	0
ASV_933	0	0	0	0	0	0	0	0	11	0	0	0	0	0	0	0
ASV_934	0	0	0	0	0	0	0	0	11	0	0	0	0	0	0	0
ASV_935	0	0	0	0	0	0	0	0	11	0	0	0	0	0	0	0
ASV_936	0	0	0	0	0	0	0	0	3	0	8	0	0	0	0	0
ASV_937	0	0	0	0	0	0	0	0	11	0	0	0	0	0	0	0
ASV_938	0	0	0	0	0	0	0	0	11	0	0	0	0	0	0	0
ASV_939	0	0	0	0	0	0	0	0	11	0	0	0	0	0	0	0
ASV_940	0	0	0	0	0	0	0	0	0	0	0	0	0	0	0	11
ASV_941	0	0	0	0	0	0	0	0	0	0	0	0	0	0	0	11
ASV_942	0	0	0	10	0	0	0	0	0	0	0	0	0	0	0	0
ASV_943	0	0	0	10	0	0	0	0	0	0	0	0	0	0	0	0
ASV_944	0	0	0	0	10	0	0	0	0	0	0	0	0	0	0	0
ASV_945	0	0	0	0	0	0	0	0	10	0	0	0	0	0	0	0
ASV_946	0	0	0	0	0	0	0	0	10	0	0	0	0	0	0	0
ASV_947	0	0	0	0	0	0	0	0	10	0	0	0	0	0	0	0
ASV_948	0	0	0	0	0	0	0	0	10	0	0	0	0	0	0	0
ASV_949	0	0	0	0	0	0	0	0	10	0	0	0	0	0	0	0
ASV_950	0	0	0	0	0	0	0	0	10	0	0	0	0	0	0	0
ASV_951	0	0	0	0	0	0	0	0	10	0	0	0	0	0	0	0
ASV_952	0	0	0	0	0	0	0	0	0	0	0	0	0	0	0	10
ASV_953	0	0	0	0	0	0	0	0	0	0	0	0	0	0	0	10
ASV_954	0	0	0	0	0	0	0	0	0	0	0	0	0	0	0	10
ASV_955	0	0	0	9	0	0	0	0	0	0	0	0	0	0	0	0
ASV_956	0	0	0	9	0	0	0	0	0	0	0	0	0	0	0	0
ASV_957	0	0	0	9	0	0	0	0	0	0	0	0	0	0	0	0
ASV_958	0	0	0	9	0	0	0	0	0	0	0	0	0	0	0	0
ASV_959	0	0	0	9	0	0	0	0	0	0	0	0	0	0	0	0
ASV_960	0	0	0	0	9	0	0	0	0	0	0	0	0	0	0	0
ASV_961	0	0	0	0	9	0	0	0	0	0	0	0	0	0	0	0
ASV_962	0	0	0	0	0	0	0	0	9	0	0	0	0	0	0	0
ASV_963	0	0	0	0	0	0	0	0	9	0	0	0	0	0	0	0
ASV_964	0	0	0	0	0	0	0	0	9	0	0	0	0	0	0	0
ASV_965	0	0	0	0	0	0	0	0	9	0	0	0	0	0	0	0
ASV_966	0	0	0	0	0	0	0	0	9	0	0	0	0	0	0	0
ASV_967	0	0	0	0	0	0	0	0	9	0	0	0	0	0	0	0
ASV_968	0	0	0	0	0	0	0	0	9	0	0	0	0	0	0	0
ASV_969	0	0	0	0	0	0	0	0	9	0	0	0	0	0	0	0
ASV_970	0	0	0	0	0	0	0	0	9	0	0	0	0	0	0	0
ASV_971	0	0	0	0	0	0	0	0	0	0	0	0	0	0	0	9
ASV_972	0	0	0	0	0	0	0	0	0	0	0	0	0	0	0	9
ASV_973	0	0	0	8	0	0	0	0	0	0	0	0	0	0	0	0
ASV_974	0	0	0	0	0	0	0	8	0	0	0	0	0	0	0	0
ASV_975	0	0	0	0	0	0	0	8	0	0	0	0	0	0	0	0
ASV_976	0	0	0	0	0	0	0	0	8	0	0	0	0	0	0	0
ASV_977	0	0	0	0	0	0	0	0	8	0	0	0	0	0	0	0
ASV_978	0	0	0	0	0	0	0	0	8	0	0	0	0	0	0	0
ASV_979	0	0	0	0	0	0	0	0	8	0	0	0	0	0	0	0
ASV_980	0	0	0	0	0	0	0	0	8	0	0	0	0	0	0	0
ASV_981	0	0	0	0	0	0	0	0	8	0	0	0	0	0	0	0
ASV_982	0	0	0	0	0	0	0	0	8	0	0	0	0	0	0	0
ASV_983	0	0	0	0	0	0	0	0	8	0	0	0	0	0	0	0
ASV_984	0	0	0	0	0	0	0	0	8	0	0	0	0	0	0	0
ASV_985	0	0	0	0	0	0	0	0	8	0	0	0	0	0	0	0
ASV_986	0	0	0	0	0	0	0	0	0	0	0	0	0	0	0	8
ASV_987	0	0	0	0	0	0	0	0	0	0	0	0	0	0	0	8
ASV_988	0	0	0	7	0	0	0	0	0	0	0	0	0	0	0	0
ASV_989	0	0	0	7	0	0	0	0	0	0	0	0	0	0	0	0
ASV_990	0	0	0	0	0	0	0	0	7	0	0	0	0	0	0	0
ASV_991	0	0	0	0	0	0	0	0	7	0	0	0	0	0	0	0
ASV_992	0	0	0	0	0	0	0	0	7	0	0	0	0	0	0	0
ASV_993	0	0	0	0	0	0	0	0	7	0	0	0	0	0	0	0
ASV_994	0	0	0	0	0	0	0	0	7	0	0	0	0	0	0	0
ASV_995	0	0	0	0	0	0	0	0	7	0	0	0	0	0	0	0
ASV_996	0	0	0	0	0	0	0	0	7	0	0	0	0	0	0	0
ASV_997	0	0	0	0	0	0	0	0	0	0	0	7	0	0	0	0
ASV_998	0	0	0	6	0	0	0	0	0	0	0	0	0	0	0	0
ASV_999	0	0	0	6	0	0	0	0	0	0	0	0	0	0	0	0
ASV_1000	0	0	0	6	0	0	0	0	0	0	0	0	0	0	0	0
ASV_1001	0	0	0	0	0	0	0	0	6	0	0	0	0	0	0	0
ASV_1002	0	0	0	0	0	0	0	0	6	0	0	0	0	0	0	0
ASV_1003	0	0	0	0	0	0	0	0	6	0	0	0	0	0	0	0
ASV_1004	0	0	0	0	0	0	0	0	6	0	0	0	0	0	0	0
ASV_1005	0	0	0	0	0	0	0	0	6	0	0	0	0	0	0	0
ASV_1006	0	0	0	0	0	0	0	0	6	0	0	0	0	0	0	0
ASV_1007	0	0	0	0	0	0	0	0	6	0	0	0	0	0	0	0
ASV_1008	0	0	0	0	0	0	0	0	6	0	0	0	0	0	0	0
ASV_1009	0	0	0	0	0	0	0	0	6	0	0	0	0	0	0	0
ASV_1010	0	0	0	0	0	0	0	0	0	0	0	0	0	0	0	6
ASV_1011	0	0	0	5	0	0	0	0	0	0	0	0	0	0	0	0
ASV_1012	0	0	0	0	0	0	0	0	5	0	0	0	0	0	0	0
ASV_1013	0	0	0	0	0	0	0	0	5	0	0	0	0	0	0	0
ASV_1014	0	0	0	0	0	0	0	0	5	0	0	0	0	0	0	0
ASV_1015	0	0	0	0	0	0	0	0	5	0	0	0	0	0	0	0
ASV_1016	0	0	0	0	0	0	0	0	5	0	0	0	0	0	0	0
ASV_1017	0	0	0	4	0	0	0	0	0	0	0	0	0	0	0	0
ASV_1018	0	0	0	4	0	0	0	0	0	0	0	0	0	0	0	0
ASV_1019	0	0	0	0	0	0	4	0	0	0	0	0	0	0	0	0
ASV_1020	0	0	0	0	0	0	0	0	4	0	0	0	0	0	0	0
ASV_1021	0	0	0	0	0	0	0	0	4	0	0	0	0	0	0	0
ASV_1022	0	0	0	0	0	0	0	0	4	0	0	0	0	0	0	0
ASV_1023	0	0	0	0	0	0	0	0	4	0	0	0	0	0	0	0
ASV_1024	0	0	0	0	0	0	0	0	4	0	0	0	0	0	0	0
ASV_1025	0	0	0	0	0	0	0	0	0	0	0	0	4	0	0	0
ASV_1026	0	0	0	0	0	0	0	0	0	0	0	0	0	0	0	4
ASV_1027	0	0	0	0	0	0	0	0	0	0	0	0	0	0	0	4
ASV_1028	0	0	0	0	0	0	0	0	0	0	0	0	0	0	0	4
ASV_1029	0	0	0	0	0	0	0	0	0	0	0	0	0	0	0	4
ASV_1030	0	0	0	0	0	0	0	3	0	0	0	0	0	0	0	0
ASV_1031	0	0	0	0	0	0	0	0	3	0	0	0	0	0	0	0
ASV_1032	0	0	0	0	0	0	0	0	3	0	0	0	0	0	0	0
ASV_1033	0	0	0	0	0	0	0	0	3	0	0	0	0	0	0	0
ASV_1034	0	0	0	0	0	0	0	0	3	0	0	0	0	0	0	0
ASV_1035	0	0	0	0	0	0	0	0	3	0	0	0	0	0	0	0
ASV_1036	0	0	0	0	0	0	0	0	3	0	0	0	0	0	0	0
ASV_1037	0	0	0	0	0	0	0	0	3	0	0	0	0	0	0	0
ASV_1038	0	0	0	0	0	0	0	0	3	0	0	0	0	0	0	0
ASV_1039	0	0	0	0	0	0	0	0	0	0	0	0	3	0	0	0
ASV_1040	0	0	0	2	0	0	0	0	0	0	0	0	0	0	0	0
ASV_1041	0	0	0	0	2	0	0	0	0	0	0	0	0	0	0	0
ASV_1042	0	0	0	0	0	0	0	0	2	0	0	0	0	0	0	0
ASV_1043	0	0	0	0	0	0	0	0	2	0	0	0	0	0	0	0
ASV_1044	0	0	0	0	0	0	0	0	2	0	0	0	0	0	0	0
ASV_1045	0	0	0	0	0	0	0	0	2	0	0	0	0	0	0	0
ASV_1046	0	0	0	0	0	0	0	0	2	0	0	0	0	0	0	0
ASV_1047	0	0	0	0	0	0	0	0	2	0	0	0	0	0	0	0
ASV_1048	0	0	0	0	0	0	0	0	2	0	0	0	0	0	0	0
ASV_1049	0	0	0	0	0	0	0	0	2	0	0	0	0	0	0	0
ASV_1050	0	0	0	0	0	0	0	0	0	2	0	0	0	0	0	0
ASV_1051	0	0	0	0	0	0	0	1	0	0	0	0	0	0	0	0
ASV_1052	0	0	0	0	0	0	0	0	1	0	0	0	0	0	0	0
